onset	duration	trialnr	blocknr	presentationnumber	stimnum	stim
40.722	200	1	1	1	97	stim097_animate_mammal_rhino_1.png
40.922	200	2	1	2	197	stim197_inanimate_tools_wrench_1.png
41.122	200	3	1	3	4	stim004_animate_aquatic_crab_4.png
41.322	200	4	1	4	55	stim055_animate_human_faces_3.png
41.522	200	5	1	5	79	stim079_animate_insect_grasshopper_3.png
41.722	200	6	1	6	163	stim163_inanimate_plants_bush_3.png
41.922	200	7	1	7	122	stim122_inanimate_fruits_apple_2.png
42.122	200	8	1	8	11	stim011_animate_aquatic_seahorse_3.png
42.322	200	9	1	9	66	stim066_animate_insect_bug_2.png
42.522	200	10	1	10	9	stim009_animate_aquatic_seahorse_1.png
42.722	200	11	1	11	196	stim196_inanimate_tools_scissors_4.png
42.922	200	12	1	12	145	stim145_inanimate_furniture_chair_1.png
43.122	200	13	1	13	109	stim109_inanimate_clothing_jeans_1.png
43.322	200	14	1	14	25	stim025_animate_bird_duck_1.png
43.522	200	15	1	15	151	stim151_inanimate_furniture_closet_3.png
43.722	200	16	1	16	32	stim032_animate_bird_parrot_4.png
43.922	200	17	1	17	148	stim148_inanimate_furniture_chair_4.png
44.122	200	18	1	18	176	stim176_inanimate_plants_tree_4.png
44.322	200	19	1	19	51	stim051_animate_human_clown_3.png
44.522	200	20	1	20	132	stim132_inanimate_fruits_grape_4.png
44.722	200	21	1	21	160	stim160_inanimate_furniture_table_4.png
44.922	200	22	1	22	81	stim081_animate_mammal_cow_1.png
45.122	200	23	1	23	47	stim047_animate_human_child_3.png
45.322	200	24	1	24	141	stim141_inanimate_furniture_bed_1.png
45.522	200	25	1	25	92	stim092_animate_mammal_kangaroo_4.png
45.722	200	26	1	26	181	stim181_inanimate_tools_broom_1.png
45.922	200	27	1	27	121	stim121_inanimate_fruits_apple_1.png
46.122	200	28	1	28	135	stim135_inanimate_fruits_pineapple_3.png
46.322	200	29	1	29	27	stim027_animate_bird_duck_3.png
46.522	200	30	1	30	195	stim195_inanimate_tools_scissors_3.png
46.722	200	31	1	31	26	stim026_animate_bird_duck_2.png
46.922	200	32	1	32	154	stim154_inanimate_furniture_sofa_2.png
47.122	200	33	1	33	150	stim150_inanimate_furniture_closet_2.png
47.322	200	34	1	34	183	stim183_inanimate_tools_broom_3.png
47.522	200	35	1	35	107	stim107_inanimate_clothing_hat_3.png
47.722	200	36	1	36	91	stim091_animate_mammal_kangaroo_3.png
47.922	200	37	1	37	49	stim049_animate_human_clown_1.png
48.122	200	38	1	38	42	stim042_animate_human_baby_2.png
48.322	200	39	1	39	159	stim159_inanimate_furniture_table_3.png
48.522	200	40	1	40	118	stim118_inanimate_clothing_socks_2.png
48.722	200	41	1	41	19	stim019_animate_aquatic_shrimp_3.png
48.922	200	42	1	42	180	stim180_inanimate_plants_tulip_4.png
49.122	200	43	1	43	104	stim104_inanimate_clothing_gloves_4.png
49.322	200	44	1	44	189	stim189_inanimate_tools_pan_1.png
49.522	200	45	1	45	18	stim018_animate_aquatic_shrimp_2.png
49.722	200	46	1	46	175	stim175_inanimate_plants_tree_3.png
49.922	200	47	1	47	33	stim033_animate_bird_peacock_1.png
50.122	200	48	1	48	193	stim193_inanimate_tools_scissors_1.png
50.322	200	49	1	49	139	stim139_inanimate_fruits_strawberry_3.png
50.522	200	50	1	50	45	stim045_animate_human_child_1.png
50.722	200	51	1	51	20	stim020_animate_aquatic_shrimp_4.png
50.922	200	52	1	52	149	stim149_inanimate_furniture_closet_1.png
51.122	200	53	1	53	57	stim057_animate_human_sports_1.png
51.322	200	54	1	54	188	stim188_inanimate_tools_hammer_4.png
51.522	200	55	1	55	144	stim144_inanimate_furniture_bed_4.png
51.722	200	56	1	56	115	stim115_inanimate_clothing_shirt_3.png
51.922	200	57	1	57	112	stim112_inanimate_clothing_jeans_4.png
52.122	200	58	1	58	127	stim127_inanimate_fruits_banana_3.png
52.322	200	59	1	59	130	stim130_inanimate_fruits_grape_2.png
52.522	200	60	1	60	124	stim124_inanimate_fruits_apple_4.png
52.722	200	61	1	61	114	stim114_inanimate_clothing_shirt_2.png
52.922	200	62	1	62	15	stim015_animate_aquatic_shark_3.png
53.122	200	63	1	63	143	stim143_inanimate_furniture_bed_3.png
53.322	200	64	1	64	73	stim073_animate_insect_dragonfly_1.png
53.522	200	65	1	65	44	stim044_animate_human_baby_4.png
53.722	200	66	1	66	13	stim013_animate_aquatic_shark_1.png
53.922	200	67	1	67	105	stim105_inanimate_clothing_hat_1.png
54.122	200	68	1	68	200	stim200_inanimate_tools_wrench_4.png
54.322	200	69	1	69	161	stim161_inanimate_plants_bush_1.png
54.522	200	70	1	70	5	stim005_animate_aquatic_fish_1.png
54.722	200	71	1	71	123	stim123_inanimate_fruits_apple_3.png
54.922	200	72	1	72	184	stim184_inanimate_tools_broom_4.png
55.122	200	73	1	73	110	stim110_inanimate_clothing_jeans_2.png
55.322	200	74	1	74	80	stim080_animate_insect_grasshopper_4.png
55.522	200	75	1	75	74	stim074_animate_insect_dragonfly_2.png
55.722	200	76	1	76	186	stim186_inanimate_tools_hammer_2.png
55.922	200	77	1	77	194	stim194_inanimate_tools_scissors_2.png
56.122	200	78	1	78	191	stim191_inanimate_tools_pan_3.png
56.322	200	79	1	79	108	stim108_inanimate_clothing_hat_4.png
56.522	200	80	1	80	17	stim017_animate_aquatic_shrimp_1.png
56.722	200	81	1	81	16	stim016_animate_aquatic_shark_4.png
56.922	200	82	1	82	12	stim012_animate_aquatic_seahorse_4.png
57.122	200	83	1	83	30	stim030_animate_bird_parrot_2.png
57.322	200	84	1	84	88	stim088_animate_mammal_giraffe_4.png
57.522	200	85	1	85	24	stim024_animate_bird_chicken_4.png
57.722	200	86	1	86	113	stim113_inanimate_clothing_shirt_1.png
57.922	200	87	1	87	82	stim082_animate_mammal_cow_2.png
58.122	200	88	1	88	133	stim133_inanimate_fruits_pineapple_1.png
58.322	200	89	1	89	156	stim156_inanimate_furniture_sofa_4.png
58.522	200	90	1	90	29	stim029_animate_bird_parrot_1.png
58.722	200	91	1	91	162	stim162_inanimate_plants_bush_2.png
58.922	200	92	1	92	98	stim098_animate_mammal_rhino_2.png
59.122	200	93	1	93	48	stim048_animate_human_child_4.png
59.322	200	94	1	94	172	stim172_inanimate_plants_sunflower_4.png
59.522	200	95	1	95	22	stim022_animate_bird_chicken_2.png
59.722	200	96	1	96	179	stim179_inanimate_plants_tulip_3.png
59.922	200	97	1	97	126	stim126_inanimate_fruits_banana_2.png
60.122	200	98	1	98	138	stim138_inanimate_fruits_strawberry_2.png
60.322	200	99	1	99	102	stim102_inanimate_clothing_gloves_2.png
60.522	200	100	1	100	70	stim070_animate_insect_butterfly_2.png
60.722	200	101	1	101	67	stim067_animate_insect_bug_3.png
60.922	200	102	1	102	58	stim058_animate_human_sports_2.png
61.122	200	103	1	103	177	stim177_inanimate_plants_tulip_1.png
61.322	200	104	1	104	39	stim039_animate_bird_penguin_3.png
61.522	200	105	1	105	178	stim178_inanimate_plants_tulip_2.png
61.722	200	106	1	106	64	stim064_animate_insect_ant_4.png
61.922	200	107	1	107	95	stim095_animate_mammal_monkey_3.png
62.122	200	108	1	108	59	stim059_animate_human_sports_3.png
62.322	200	109	1	109	60	stim060_animate_human_sports_4.png
62.522	200	110	1	110	117	stim117_inanimate_clothing_socks_1.png
62.722	200	111	1	111	199	stim199_inanimate_tools_wrench_3.png
62.922	200	112	1	112	99	stim099_animate_mammal_rhino_3.png
63.122	200	113	1	113	164	stim164_inanimate_plants_bush_4.png
63.322	200	114	1	114	46	stim046_animate_human_child_2.png
63.522	200	115	1	115	65	stim065_animate_insect_bug_1.png
63.722	200	116	1	116	152	stim152_inanimate_furniture_closet_4.png
63.922	200	117	1	117	34	stim034_animate_bird_peacock_2.png
64.122	200	118	1	118	54	stim054_animate_human_faces_2.png
64.322	200	119	1	119	41	stim041_animate_human_baby_1.png
64.522	200	120	1	120	198	stim198_inanimate_tools_wrench_2.png
64.722	200	121	1	121	137	stim137_inanimate_fruits_strawberry_1.png
64.922	200	122	1	122	190	stim190_inanimate_tools_pan_2.png
65.122	200	123	1	123	155	stim155_inanimate_furniture_sofa_3.png
65.322	200	124	1	124	158	stim158_inanimate_furniture_table_2.png
65.522	200	125	1	125	3	stim003_animate_aquatic_crab_3.png
65.722	200	126	1	126	23	stim023_animate_bird_chicken_3.png
65.922	200	127	1	127	84	stim084_animate_mammal_cow_4.png
66.122	200	128	1	128	192	stim192_inanimate_tools_pan_4.png
66.322	200	129	1	129	85	stim085_animate_mammal_giraffe_1.png
66.522	200	130	1	130	77	stim077_animate_insect_grasshopper_1.png
66.722	200	131	1	131	131	stim131_inanimate_fruits_grape_3.png
66.922	200	132	1	132	8	stim008_animate_aquatic_fish_4.png
67.122	200	133	1	133	100	stim100_animate_mammal_rhino_4.png
67.322	200	134	1	134	21	stim021_animate_bird_chicken_1.png
67.522	200	135	1	135	101	stim101_inanimate_clothing_gloves_1.png
67.722	200	136	1	136	35	stim035_animate_bird_peacock_3.png
67.922	200	137	1	137	75	stim075_animate_insect_dragonfly_3.png
68.122	200	138	1	138	40	stim040_animate_bird_penguin_4.png
68.322	200	139	1	139	68	stim068_animate_insect_bug_4.png
68.522	200	140	1	140	6	stim006_animate_aquatic_fish_2.png
68.722	200	141	1	141	7	stim007_animate_aquatic_fish_3.png
68.922	200	142	1	142	166	stim166_inanimate_plants_cactus_2.png
69.122	200	143	1	143	43	stim043_animate_human_baby_3.png
69.322	200	144	1	144	157	stim157_inanimate_furniture_table_1.png
69.522	200	145	1	145	125	stim125_inanimate_fruits_banana_1.png
69.722	200	146	1	146	171	stim171_inanimate_plants_sunflower_3.png
69.922	200	147	1	147	10	stim010_animate_aquatic_seahorse_2.png
70.122	200	148	1	148	86	stim086_animate_mammal_giraffe_2.png
70.322	200	149	1	149	116	stim116_inanimate_clothing_shirt_4.png
70.522	200	150	1	150	142	stim142_inanimate_furniture_bed_2.png
70.722	200	151	1	151	146	stim146_inanimate_furniture_chair_2.png
70.922	200	152	1	152	61	stim061_animate_insect_ant_1.png
71.122	200	153	1	153	38	stim038_animate_bird_penguin_2.png
71.322	200	154	1	154	165	stim165_inanimate_plants_cactus_1.png
71.522	200	155	1	155	56	stim056_animate_human_faces_4.png
71.722	200	156	1	156	37	stim037_animate_bird_penguin_1.png
71.922	200	157	1	157	14	stim014_animate_aquatic_shark_2.png
72.122	200	158	1	158	36	stim036_animate_bird_peacock_4.png
72.322	200	159	1	159	140	stim140_inanimate_fruits_strawberry_4.png
72.522	200	160	1	160	153	stim153_inanimate_furniture_sofa_1.png
72.722	200	161	1	161	103	stim103_inanimate_clothing_gloves_3.png
72.922	200	162	1	162	63	stim063_animate_insect_ant_3.png
73.122	200	163	1	163	2	stim002_animate_aquatic_crab_2.png
73.322	200	164	1	164	62	stim062_animate_insect_ant_2.png
73.522	200	165	1	165	90	stim090_animate_mammal_kangaroo_2.png
73.722	200	166	1	166	169	stim169_inanimate_plants_sunflower_1.png
73.922	200	167	1	167	72	stim072_animate_insect_butterfly_4.png
74.122	200	168	1	168	174	stim174_inanimate_plants_tree_2.png
74.322	200	169	1	169	129	stim129_inanimate_fruits_grape_1.png
74.522	200	170	1	170	94	stim094_animate_mammal_monkey_2.png
74.722	200	171	1	171	76	stim076_animate_insect_dragonfly_4.png
74.922	200	172	1	172	31	stim031_animate_bird_parrot_3.png
75.122	200	173	1	173	134	stim134_inanimate_fruits_pineapple_2.png
75.322	200	174	1	174	83	stim083_animate_mammal_cow_3.png
75.522	200	175	1	175	1	stim001_animate_aquatic_crab_1.png
75.722	200	176	1	176	71	stim071_animate_insect_butterfly_3.png
75.922	200	177	1	177	168	stim168_inanimate_plants_cactus_4.png
76.122	200	178	1	178	93	stim093_animate_mammal_monkey_1.png
76.322	200	179	1	179	119	stim119_inanimate_clothing_socks_3.png
76.522	200	180	1	180	111	stim111_inanimate_clothing_jeans_3.png
76.722	200	181	1	181	182	stim182_inanimate_tools_broom_2.png
76.922	200	182	1	182	52	stim052_animate_human_clown_4.png
77.122	200	183	1	183	147	stim147_inanimate_furniture_chair_3.png
77.322	200	184	1	184	96	stim096_animate_mammal_monkey_4.png
77.522	200	185	1	185	128	stim128_inanimate_fruits_banana_4.png
77.722	200	186	1	186	136	stim136_inanimate_fruits_pineapple_4.png
77.922	200	187	1	187	167	stim167_inanimate_plants_cactus_3.png
78.122	200	188	1	188	170	stim170_inanimate_plants_sunflower_2.png
78.322	200	189	1	189	120	stim120_inanimate_clothing_socks_4.png
78.522	200	190	1	190	185	stim185_inanimate_tools_hammer_1.png
78.722	200	191	1	191	173	stim173_inanimate_plants_tree_1.png
78.922	200	192	1	192	89	stim089_animate_mammal_kangaroo_1.png
79.122	200	193	1	193	50	stim050_animate_human_clown_2.png
79.322	200	194	1	194	53	stim053_animate_human_faces_1.png
79.522	200	195	1	195	106	stim106_inanimate_clothing_hat_2.png
79.722	200	196	1	196	69	stim069_animate_insect_butterfly_1.png
79.922	200	197	1	197	78	stim078_animate_insect_grasshopper_2.png
80.122	200	198	1	198	187	stim187_inanimate_tools_hammer_3.png
80.322	200	199	1	199	87	stim087_animate_mammal_giraffe_3.png
80.522	200	200	1	200	28	stim028_animate_bird_duck_4.png
91.906	200	201	2	1	125	stim125_inanimate_fruits_banana_1.png
92.106	200	202	2	2	116	stim116_inanimate_clothing_shirt_4.png
92.306	200	203	2	3	93	stim093_animate_mammal_monkey_1.png
92.506	200	204	2	4	129	stim129_inanimate_fruits_grape_1.png
92.706	200	205	2	5	13	stim013_animate_aquatic_shark_1.png
92.906	200	206	2	6	77	stim077_animate_insect_grasshopper_1.png
93.106	200	207	2	7	115	stim115_inanimate_clothing_shirt_3.png
93.306	200	208	2	8	81	stim081_animate_mammal_cow_1.png
93.506	200	209	2	9	79	stim079_animate_insect_grasshopper_3.png
93.706	200	210	2	10	40	stim040_animate_bird_penguin_4.png
93.906	200	211	2	11	198	stim198_inanimate_tools_wrench_2.png
94.106	200	212	2	12	107	stim107_inanimate_clothing_hat_3.png
94.306	200	213	2	13	18	stim018_animate_aquatic_shrimp_2.png
94.506	200	214	2	14	61	stim061_animate_insect_ant_1.png
94.706	200	215	2	15	14	stim014_animate_aquatic_shark_2.png
94.906	200	216	2	16	167	stim167_inanimate_plants_cactus_3.png
95.106	200	217	2	17	25	stim025_animate_bird_duck_1.png
95.306	200	218	2	18	34	stim034_animate_bird_peacock_2.png
95.506	200	219	2	19	150	stim150_inanimate_furniture_closet_2.png
95.706	200	220	2	20	101	stim101_inanimate_clothing_gloves_1.png
95.906	200	221	2	21	134	stim134_inanimate_fruits_pineapple_2.png
96.106	200	222	2	22	4	stim004_animate_aquatic_crab_4.png
96.306	200	223	2	23	183	stim183_inanimate_tools_broom_3.png
96.506	200	224	2	24	36	stim036_animate_bird_peacock_4.png
96.706	200	225	2	25	172	stim172_inanimate_plants_sunflower_4.png
96.906	200	226	2	26	21	stim021_animate_bird_chicken_1.png
97.106	200	227	2	27	162	stim162_inanimate_plants_bush_2.png
97.306	200	228	2	28	193	stim193_inanimate_tools_scissors_1.png
97.506	200	229	2	29	75	stim075_animate_insect_dragonfly_3.png
97.706	200	230	2	30	139	stim139_inanimate_fruits_strawberry_3.png
97.906	200	231	2	31	12	stim012_animate_aquatic_seahorse_4.png
98.106	200	232	2	32	20	stim020_animate_aquatic_shrimp_4.png
98.306	200	233	2	33	96	stim096_animate_mammal_monkey_4.png
98.506	200	234	2	34	28	stim028_animate_bird_duck_4.png
98.706	200	235	2	35	29	stim029_animate_bird_parrot_1.png
98.906	200	236	2	36	144	stim144_inanimate_furniture_bed_4.png
99.106	200	237	2	37	153	stim153_inanimate_furniture_sofa_1.png
99.306	200	238	2	38	9	stim009_animate_aquatic_seahorse_1.png
99.506	200	239	2	39	30	stim030_animate_bird_parrot_2.png
99.706	200	240	2	40	128	stim128_inanimate_fruits_banana_4.png
99.906	200	241	2	41	15	stim015_animate_aquatic_shark_3.png
100.106	200	242	2	42	19	stim019_animate_aquatic_shrimp_3.png
100.306	200	243	2	43	22	stim022_animate_bird_chicken_2.png
100.506	200	244	2	44	52	stim052_animate_human_clown_4.png
100.706	200	245	2	45	17	stim017_animate_aquatic_shrimp_1.png
100.906	200	246	2	46	124	stim124_inanimate_fruits_apple_4.png
101.106	200	247	2	47	46	stim046_animate_human_child_2.png
101.306	200	248	2	48	102	stim102_inanimate_clothing_gloves_2.png
101.506	200	249	2	49	69	stim069_animate_insect_butterfly_1.png
101.706	200	250	2	50	42	stim042_animate_human_baby_2.png
101.906	200	251	2	51	99	stim099_animate_mammal_rhino_3.png
102.106	200	252	2	52	94	stim094_animate_mammal_monkey_2.png
102.306	200	253	2	53	165	stim165_inanimate_plants_cactus_1.png
102.506	200	254	2	54	174	stim174_inanimate_plants_tree_2.png
102.706	200	255	2	55	16	stim016_animate_aquatic_shark_4.png
102.906	200	256	2	56	175	stim175_inanimate_plants_tree_3.png
103.106	200	257	2	57	192	stim192_inanimate_tools_pan_4.png
103.306	200	258	2	58	197	stim197_inanimate_tools_wrench_1.png
103.506	200	259	2	59	171	stim171_inanimate_plants_sunflower_3.png
103.706	200	260	2	60	138	stim138_inanimate_fruits_strawberry_2.png
103.906	200	261	2	61	157	stim157_inanimate_furniture_table_1.png
104.106	200	262	2	62	45	stim045_animate_human_child_1.png
104.306	200	263	2	63	169	stim169_inanimate_plants_sunflower_1.png
104.506	200	264	2	64	143	stim143_inanimate_furniture_bed_3.png
104.706	200	265	2	65	98	stim098_animate_mammal_rhino_2.png
104.906	200	266	2	66	26	stim026_animate_bird_duck_2.png
105.106	200	267	2	67	194	stim194_inanimate_tools_scissors_2.png
105.306	200	268	2	68	156	stim156_inanimate_furniture_sofa_4.png
105.506	200	269	2	69	57	stim057_animate_human_sports_1.png
105.706	200	270	2	70	136	stim136_inanimate_fruits_pineapple_4.png
105.906	200	271	2	71	47	stim047_animate_human_child_3.png
106.106	200	272	2	72	178	stim178_inanimate_plants_tulip_2.png
106.306	200	273	2	73	50	stim050_animate_human_clown_2.png
106.506	200	274	2	74	37	stim037_animate_bird_penguin_1.png
106.706	200	275	2	75	62	stim062_animate_insect_ant_2.png
106.906	200	276	2	76	114	stim114_inanimate_clothing_shirt_2.png
107.106	200	277	2	77	55	stim055_animate_human_faces_3.png
107.306	200	278	2	78	89	stim089_animate_mammal_kangaroo_1.png
107.506	200	279	2	79	135	stim135_inanimate_fruits_pineapple_3.png
107.706	200	280	2	80	163	stim163_inanimate_plants_bush_3.png
107.906	200	281	2	81	112	stim112_inanimate_clothing_jeans_4.png
108.106	200	282	2	82	180	stim180_inanimate_plants_tulip_4.png
108.306	200	283	2	83	60	stim060_animate_human_sports_4.png
108.506	200	284	2	84	51	stim051_animate_human_clown_3.png
108.706	200	285	2	85	188	stim188_inanimate_tools_hammer_4.png
108.906	200	286	2	86	191	stim191_inanimate_tools_pan_3.png
109.106	200	287	2	87	31	stim031_animate_bird_parrot_3.png
109.306	200	288	2	88	142	stim142_inanimate_furniture_bed_2.png
109.506	200	289	2	89	23	stim023_animate_bird_chicken_3.png
109.706	200	290	2	90	145	stim145_inanimate_furniture_chair_1.png
109.906	200	291	2	91	155	stim155_inanimate_furniture_sofa_3.png
110.106	200	292	2	92	97	stim097_animate_mammal_rhino_1.png
110.306	200	293	2	93	5	stim005_animate_aquatic_fish_1.png
110.506	200	294	2	94	151	stim151_inanimate_furniture_closet_3.png
110.706	200	295	2	95	63	stim063_animate_insect_ant_3.png
110.906	200	296	2	96	164	stim164_inanimate_plants_bush_4.png
111.106	200	297	2	97	90	stim090_animate_mammal_kangaroo_2.png
111.306	200	298	2	98	147	stim147_inanimate_furniture_chair_3.png
111.506	200	299	2	99	95	stim095_animate_mammal_monkey_3.png
111.706	200	300	2	100	27	stim027_animate_bird_duck_3.png
111.906	200	301	2	101	44	stim044_animate_human_baby_4.png
112.106	200	302	2	102	35	stim035_animate_bird_peacock_3.png
112.306	200	303	2	103	110	stim110_inanimate_clothing_jeans_2.png
112.506	200	304	2	104	78	stim078_animate_insect_grasshopper_2.png
112.706	200	305	2	105	58	stim058_animate_human_sports_2.png
112.906	200	306	2	106	130	stim130_inanimate_fruits_grape_2.png
113.106	200	307	2	107	8	stim008_animate_aquatic_fish_4.png
113.306	200	308	2	108	181	stim181_inanimate_tools_broom_1.png
113.506	200	309	2	109	113	stim113_inanimate_clothing_shirt_1.png
113.706	200	310	2	110	173	stim173_inanimate_plants_tree_1.png
113.906	200	311	2	111	187	stim187_inanimate_tools_hammer_3.png
114.106	200	312	2	112	7	stim007_animate_aquatic_fish_3.png
114.306	200	313	2	113	66	stim066_animate_insect_bug_2.png
114.506	200	314	2	114	3	stim003_animate_aquatic_crab_3.png
114.706	200	315	2	115	160	stim160_inanimate_furniture_table_4.png
114.906	200	316	2	116	86	stim086_animate_mammal_giraffe_2.png
115.106	200	317	2	117	70	stim070_animate_insect_butterfly_2.png
115.306	200	318	2	118	117	stim117_inanimate_clothing_socks_1.png
115.506	200	319	2	119	137	stim137_inanimate_fruits_strawberry_1.png
115.706	200	320	2	120	80	stim080_animate_insect_grasshopper_4.png
115.906	200	321	2	121	159	stim159_inanimate_furniture_table_3.png
116.106	200	322	2	122	87	stim087_animate_mammal_giraffe_3.png
116.306	200	323	2	123	154	stim154_inanimate_furniture_sofa_2.png
116.506	200	324	2	124	54	stim054_animate_human_faces_2.png
116.706	200	325	2	125	131	stim131_inanimate_fruits_grape_3.png
116.906	200	326	2	126	33	stim033_animate_bird_peacock_1.png
117.106	200	327	2	127	41	stim041_animate_human_baby_1.png
117.306	200	328	2	128	108	stim108_inanimate_clothing_hat_4.png
117.506	200	329	2	129	121	stim121_inanimate_fruits_apple_1.png
117.706	200	330	2	130	56	stim056_animate_human_faces_4.png
117.906	200	331	2	131	64	stim064_animate_insect_ant_4.png
118.106	200	332	2	132	118	stim118_inanimate_clothing_socks_2.png
118.306	200	333	2	133	32	stim032_animate_bird_parrot_4.png
118.506	200	334	2	134	6	stim006_animate_aquatic_fish_2.png
118.706	200	335	2	135	182	stim182_inanimate_tools_broom_2.png
118.906	200	336	2	136	161	stim161_inanimate_plants_bush_1.png
119.106	200	337	2	137	2	stim002_animate_aquatic_crab_2.png
119.306	200	338	2	138	185	stim185_inanimate_tools_hammer_1.png
119.506	200	339	2	139	1	stim001_animate_aquatic_crab_1.png
119.706	200	340	2	140	73	stim073_animate_insect_dragonfly_1.png
119.906	200	341	2	141	158	stim158_inanimate_furniture_table_2.png
120.106	200	342	2	142	186	stim186_inanimate_tools_hammer_2.png
120.306	200	343	2	143	104	stim104_inanimate_clothing_gloves_4.png
120.506	200	344	2	144	179	stim179_inanimate_plants_tulip_3.png
120.706	200	345	2	145	49	stim049_animate_human_clown_1.png
120.906	200	346	2	146	126	stim126_inanimate_fruits_banana_2.png
121.106	200	347	2	147	123	stim123_inanimate_fruits_apple_3.png
121.306	200	348	2	148	148	stim148_inanimate_furniture_chair_4.png
121.506	200	349	2	149	68	stim068_animate_insect_bug_4.png
121.706	200	350	2	150	53	stim053_animate_human_faces_1.png
121.906	200	351	2	151	38	stim038_animate_bird_penguin_2.png
122.106	200	352	2	152	149	stim149_inanimate_furniture_closet_1.png
122.306	200	353	2	153	195	stim195_inanimate_tools_scissors_3.png
122.506	200	354	2	154	189	stim189_inanimate_tools_pan_1.png
122.706	200	355	2	155	74	stim074_animate_insect_dragonfly_2.png
122.906	200	356	2	156	176	stim176_inanimate_plants_tree_4.png
123.106	200	357	2	157	199	stim199_inanimate_tools_wrench_3.png
123.306	200	358	2	158	48	stim048_animate_human_child_4.png
123.506	200	359	2	159	82	stim082_animate_mammal_cow_2.png
123.706	200	360	2	160	122	stim122_inanimate_fruits_apple_2.png
123.906	200	361	2	161	140	stim140_inanimate_fruits_strawberry_4.png
124.106	200	362	2	162	127	stim127_inanimate_fruits_banana_3.png
124.306	200	363	2	163	106	stim106_inanimate_clothing_hat_2.png
124.506	200	364	2	164	105	stim105_inanimate_clothing_hat_1.png
124.706	200	365	2	165	72	stim072_animate_insect_butterfly_4.png
124.906	200	366	2	166	11	stim011_animate_aquatic_seahorse_3.png
125.106	200	367	2	167	92	stim092_animate_mammal_kangaroo_4.png
125.306	200	368	2	168	83	stim083_animate_mammal_cow_3.png
125.506	200	369	2	169	133	stim133_inanimate_fruits_pineapple_1.png
125.706	200	370	2	170	76	stim076_animate_insect_dragonfly_4.png
125.906	200	371	2	171	196	stim196_inanimate_tools_scissors_4.png
126.106	200	372	2	172	59	stim059_animate_human_sports_3.png
126.306	200	373	2	173	84	stim084_animate_mammal_cow_4.png
126.506	200	374	2	174	119	stim119_inanimate_clothing_socks_3.png
126.706	200	375	2	175	170	stim170_inanimate_plants_sunflower_2.png
126.906	200	376	2	176	24	stim024_animate_bird_chicken_4.png
127.106	200	377	2	177	120	stim120_inanimate_clothing_socks_4.png
127.306	200	378	2	178	168	stim168_inanimate_plants_cactus_4.png
127.506	200	379	2	179	132	stim132_inanimate_fruits_grape_4.png
127.706	200	380	2	180	146	stim146_inanimate_furniture_chair_2.png
127.906	200	381	2	181	88	stim088_animate_mammal_giraffe_4.png
128.106	200	382	2	182	177	stim177_inanimate_plants_tulip_1.png
128.306	200	383	2	183	200	stim200_inanimate_tools_wrench_4.png
128.506	200	384	2	184	65	stim065_animate_insect_bug_1.png
128.706	200	385	2	185	91	stim091_animate_mammal_kangaroo_3.png
128.906	200	386	2	186	10	stim010_animate_aquatic_seahorse_2.png
129.106	200	387	2	187	111	stim111_inanimate_clothing_jeans_3.png
129.306	200	388	2	188	71	stim071_animate_insect_butterfly_3.png
129.506	200	389	2	189	166	stim166_inanimate_plants_cactus_2.png
129.706	200	390	2	190	184	stim184_inanimate_tools_broom_4.png
129.906	200	391	2	191	67	stim067_animate_insect_bug_3.png
130.106	200	392	2	192	43	stim043_animate_human_baby_3.png
130.306	200	393	2	193	100	stim100_animate_mammal_rhino_4.png
130.506	200	394	2	194	141	stim141_inanimate_furniture_bed_1.png
130.706	200	395	2	195	103	stim103_inanimate_clothing_gloves_3.png
130.906	200	396	2	196	109	stim109_inanimate_clothing_jeans_1.png
131.106	200	397	2	197	85	stim085_animate_mammal_giraffe_1.png
131.306	200	398	2	198	152	stim152_inanimate_furniture_closet_4.png
131.506	200	399	2	199	39	stim039_animate_bird_penguin_3.png
131.706	200	400	2	200	190	stim190_inanimate_tools_pan_2.png
148.456	200	401	3	1	198	stim198_inanimate_tools_wrench_2.png
148.656	200	402	3	2	181	stim181_inanimate_tools_broom_1.png
148.856	200	403	3	3	136	stim136_inanimate_fruits_pineapple_4.png
149.056	200	404	3	4	182	stim182_inanimate_tools_broom_2.png
149.256	200	405	3	5	9	stim009_animate_aquatic_seahorse_1.png
149.456	200	406	3	6	34	stim034_animate_bird_peacock_2.png
149.656	200	407	3	7	76	stim076_animate_insect_dragonfly_4.png
149.856	200	408	3	8	37	stim037_animate_bird_penguin_1.png
150.056	200	409	3	9	88	stim088_animate_mammal_giraffe_4.png
150.256	200	410	3	10	149	stim149_inanimate_furniture_closet_1.png
150.456	200	411	3	11	200	stim200_inanimate_tools_wrench_4.png
150.656	200	412	3	12	71	stim071_animate_insect_butterfly_3.png
150.856	200	413	3	13	72	stim072_animate_insect_butterfly_4.png
151.056	200	414	3	14	179	stim179_inanimate_plants_tulip_3.png
151.256	200	415	3	15	111	stim111_inanimate_clothing_jeans_3.png
151.456	200	416	3	16	163	stim163_inanimate_plants_bush_3.png
151.656	200	417	3	17	128	stim128_inanimate_fruits_banana_4.png
151.856	200	418	3	18	31	stim031_animate_bird_parrot_3.png
152.056	200	419	3	19	170	stim170_inanimate_plants_sunflower_2.png
152.256	200	420	3	20	118	stim118_inanimate_clothing_socks_2.png
152.456	200	421	3	21	137	stim137_inanimate_fruits_strawberry_1.png
152.656	200	422	3	22	141	stim141_inanimate_furniture_bed_1.png
152.856	200	423	3	23	159	stim159_inanimate_furniture_table_3.png
153.056	200	424	3	24	53	stim053_animate_human_faces_1.png
153.256	200	425	3	25	91	stim091_animate_mammal_kangaroo_3.png
153.456	200	426	3	26	7	stim007_animate_aquatic_fish_3.png
153.656	200	427	3	27	35	stim035_animate_bird_peacock_3.png
153.856	200	428	3	28	107	stim107_inanimate_clothing_hat_3.png
154.056	200	429	3	29	157	stim157_inanimate_furniture_table_1.png
154.256	200	430	3	30	175	stim175_inanimate_plants_tree_3.png
154.456	200	431	3	31	59	stim059_animate_human_sports_3.png
154.656	200	432	3	32	90	stim090_animate_mammal_kangaroo_2.png
154.856	200	433	3	33	73	stim073_animate_insect_dragonfly_1.png
155.056	200	434	3	34	183	stim183_inanimate_tools_broom_3.png
155.256	200	435	3	35	103	stim103_inanimate_clothing_gloves_3.png
155.456	200	436	3	36	176	stim176_inanimate_plants_tree_4.png
155.656	200	437	3	37	154	stim154_inanimate_furniture_sofa_2.png
155.856	200	438	3	38	81	stim081_animate_mammal_cow_1.png
156.056	200	439	3	39	6	stim006_animate_aquatic_fish_2.png
156.256	200	440	3	40	27	stim027_animate_bird_duck_3.png
156.456	200	441	3	41	151	stim151_inanimate_furniture_closet_3.png
156.656	200	442	3	42	18	stim018_animate_aquatic_shrimp_2.png
156.856	200	443	3	43	10	stim010_animate_aquatic_seahorse_2.png
157.056	200	444	3	44	186	stim186_inanimate_tools_hammer_2.png
157.256	200	445	3	45	126	stim126_inanimate_fruits_banana_2.png
157.456	200	446	3	46	148	stim148_inanimate_furniture_chair_4.png
157.656	200	447	3	47	147	stim147_inanimate_furniture_chair_3.png
157.856	200	448	3	48	51	stim051_animate_human_clown_3.png
158.056	200	449	3	49	145	stim145_inanimate_furniture_chair_1.png
158.256	200	450	3	50	193	stim193_inanimate_tools_scissors_1.png
158.456	200	451	3	51	8	stim008_animate_aquatic_fish_4.png
158.656	200	452	3	52	187	stim187_inanimate_tools_hammer_3.png
158.856	200	453	3	53	43	stim043_animate_human_baby_3.png
159.056	200	454	3	54	146	stim146_inanimate_furniture_chair_2.png
159.256	200	455	3	55	171	stim171_inanimate_plants_sunflower_3.png
159.456	200	456	3	56	139	stim139_inanimate_fruits_strawberry_3.png
159.656	200	457	3	57	142	stim142_inanimate_furniture_bed_2.png
159.856	200	458	3	58	120	stim120_inanimate_clothing_socks_4.png
160.056	200	459	3	59	95	stim095_animate_mammal_monkey_3.png
160.256	200	460	3	60	75	stim075_animate_insect_dragonfly_3.png
160.456	200	461	3	61	197	stim197_inanimate_tools_wrench_1.png
160.656	200	462	3	62	74	stim074_animate_insect_dragonfly_2.png
160.856	200	463	3	63	11	stim011_animate_aquatic_seahorse_3.png
161.056	200	464	3	64	57	stim057_animate_human_sports_1.png
161.256	200	465	3	65	150	stim150_inanimate_furniture_closet_2.png
161.456	200	466	3	66	114	stim114_inanimate_clothing_shirt_2.png
161.656	200	467	3	67	105	stim105_inanimate_clothing_hat_1.png
161.856	200	468	3	68	172	stim172_inanimate_plants_sunflower_4.png
162.056	200	469	3	69	121	stim121_inanimate_fruits_apple_1.png
162.256	200	470	3	70	23	stim023_animate_bird_chicken_3.png
162.456	200	471	3	71	192	stim192_inanimate_tools_pan_4.png
162.656	200	472	3	72	156	stim156_inanimate_furniture_sofa_4.png
162.856	200	473	3	73	109	stim109_inanimate_clothing_jeans_1.png
163.056	200	474	3	74	152	stim152_inanimate_furniture_closet_4.png
163.256	200	475	3	75	174	stim174_inanimate_plants_tree_2.png
163.456	200	476	3	76	180	stim180_inanimate_plants_tulip_4.png
163.656	200	477	3	77	155	stim155_inanimate_furniture_sofa_3.png
163.856	200	478	3	78	144	stim144_inanimate_furniture_bed_4.png
164.056	200	479	3	79	160	stim160_inanimate_furniture_table_4.png
164.256	200	480	3	80	36	stim036_animate_bird_peacock_4.png
164.456	200	481	3	81	29	stim029_animate_bird_parrot_1.png
164.656	200	482	3	82	50	stim050_animate_human_clown_2.png
164.856	200	483	3	83	86	stim086_animate_mammal_giraffe_2.png
165.056	200	484	3	84	4	stim004_animate_aquatic_crab_4.png
165.256	200	485	3	85	99	stim099_animate_mammal_rhino_3.png
165.456	200	486	3	86	104	stim104_inanimate_clothing_gloves_4.png
165.656	200	487	3	87	44	stim044_animate_human_baby_4.png
165.856	200	488	3	88	22	stim022_animate_bird_chicken_2.png
166.056	200	489	3	89	108	stim108_inanimate_clothing_hat_4.png
166.256	200	490	3	90	195	stim195_inanimate_tools_scissors_3.png
166.456	200	491	3	91	164	stim164_inanimate_plants_bush_4.png
166.656	200	492	3	92	79	stim079_animate_insect_grasshopper_3.png
166.856	200	493	3	93	194	stim194_inanimate_tools_scissors_2.png
167.056	200	494	3	94	153	stim153_inanimate_furniture_sofa_1.png
167.256	200	495	3	95	161	stim161_inanimate_plants_bush_1.png
167.456	200	496	3	96	135	stim135_inanimate_fruits_pineapple_3.png
167.656	200	497	3	97	78	stim078_animate_insect_grasshopper_2.png
167.856	200	498	3	98	102	stim102_inanimate_clothing_gloves_2.png
168.056	200	499	3	99	2	stim002_animate_aquatic_crab_2.png
168.256	200	500	3	100	169	stim169_inanimate_plants_sunflower_1.png
168.456	200	501	3	101	158	stim158_inanimate_furniture_table_2.png
168.656	200	502	3	102	12	stim012_animate_aquatic_seahorse_4.png
168.856	200	503	3	103	14	stim014_animate_aquatic_shark_2.png
169.056	200	504	3	104	15	stim015_animate_aquatic_shark_3.png
169.256	200	505	3	105	80	stim080_animate_insect_grasshopper_4.png
169.456	200	506	3	106	61	stim061_animate_insect_ant_1.png
169.656	200	507	3	107	199	stim199_inanimate_tools_wrench_3.png
169.856	200	508	3	108	46	stim046_animate_human_child_2.png
170.056	200	509	3	109	116	stim116_inanimate_clothing_shirt_4.png
170.256	200	510	3	110	64	stim064_animate_insect_ant_4.png
170.456	200	511	3	111	138	stim138_inanimate_fruits_strawberry_2.png
170.656	200	512	3	112	62	stim062_animate_insect_ant_2.png
170.856	200	513	3	113	167	stim167_inanimate_plants_cactus_3.png
171.056	200	514	3	114	96	stim096_animate_mammal_monkey_4.png
171.256	200	515	3	115	47	stim047_animate_human_child_3.png
171.456	200	516	3	116	84	stim084_animate_mammal_cow_4.png
171.656	200	517	3	117	129	stim129_inanimate_fruits_grape_1.png
171.856	200	518	3	118	24	stim024_animate_bird_chicken_4.png
172.056	200	519	3	119	134	stim134_inanimate_fruits_pineapple_2.png
172.256	200	520	3	120	26	stim026_animate_bird_duck_2.png
172.456	200	521	3	121	178	stim178_inanimate_plants_tulip_2.png
172.656	200	522	3	122	21	stim021_animate_bird_chicken_1.png
172.856	200	523	3	123	184	stim184_inanimate_tools_broom_4.png
173.056	200	524	3	124	70	stim070_animate_insect_butterfly_2.png
173.256	200	525	3	125	30	stim030_animate_bird_parrot_2.png
173.456	200	526	3	126	55	stim055_animate_human_faces_3.png
173.656	200	527	3	127	41	stim041_animate_human_baby_1.png
173.856	200	528	3	128	143	stim143_inanimate_furniture_bed_3.png
174.056	200	529	3	129	106	stim106_inanimate_clothing_hat_2.png
174.256	200	530	3	130	100	stim100_animate_mammal_rhino_4.png
174.456	200	531	3	131	33	stim033_animate_bird_peacock_1.png
174.656	200	532	3	132	97	stim097_animate_mammal_rhino_1.png
174.856	200	533	3	133	127	stim127_inanimate_fruits_banana_3.png
175.056	200	534	3	134	49	stim049_animate_human_clown_1.png
175.256	200	535	3	135	56	stim056_animate_human_faces_4.png
175.456	200	536	3	136	89	stim089_animate_mammal_kangaroo_1.png
175.656	200	537	3	137	63	stim063_animate_insect_ant_3.png
175.856	200	538	3	138	122	stim122_inanimate_fruits_apple_2.png
176.056	200	539	3	139	140	stim140_inanimate_fruits_strawberry_4.png
176.256	200	540	3	140	165	stim165_inanimate_plants_cactus_1.png
176.456	200	541	3	141	166	stim166_inanimate_plants_cactus_2.png
176.656	200	542	3	142	68	stim068_animate_insect_bug_4.png
176.856	200	543	3	143	19	stim019_animate_aquatic_shrimp_3.png
177.056	200	544	3	144	54	stim054_animate_human_faces_2.png
177.256	200	545	3	145	58	stim058_animate_human_sports_2.png
177.456	200	546	3	146	168	stim168_inanimate_plants_cactus_4.png
177.656	200	547	3	147	42	stim042_animate_human_baby_2.png
177.856	200	548	3	148	69	stim069_animate_insect_butterfly_1.png
178.056	200	549	3	149	16	stim016_animate_aquatic_shark_4.png
178.256	200	550	3	150	60	stim060_animate_human_sports_4.png
178.456	200	551	3	151	190	stim190_inanimate_tools_pan_2.png
178.656	200	552	3	152	45	stim045_animate_human_child_1.png
178.856	200	553	3	153	52	stim052_animate_human_clown_4.png
179.056	200	554	3	154	117	stim117_inanimate_clothing_socks_1.png
179.256	200	555	3	155	185	stim185_inanimate_tools_hammer_1.png
179.456	200	556	3	156	40	stim040_animate_bird_penguin_4.png
179.656	200	557	3	157	162	stim162_inanimate_plants_bush_2.png
179.856	200	558	3	158	189	stim189_inanimate_tools_pan_1.png
180.056	200	559	3	159	110	stim110_inanimate_clothing_jeans_2.png
180.256	200	560	3	160	188	stim188_inanimate_tools_hammer_4.png
180.456	200	561	3	161	65	stim065_animate_insect_bug_1.png
180.656	200	562	3	162	94	stim094_animate_mammal_monkey_2.png
180.856	200	563	3	163	115	stim115_inanimate_clothing_shirt_3.png
181.056	200	564	3	164	133	stim133_inanimate_fruits_pineapple_1.png
181.256	200	565	3	165	77	stim077_animate_insect_grasshopper_1.png
181.456	200	566	3	166	25	stim025_animate_bird_duck_1.png
181.656	200	567	3	167	124	stim124_inanimate_fruits_apple_4.png
181.856	200	568	3	168	48	stim048_animate_human_child_4.png
182.056	200	569	3	169	125	stim125_inanimate_fruits_banana_1.png
182.256	200	570	3	170	191	stim191_inanimate_tools_pan_3.png
182.456	200	571	3	171	32	stim032_animate_bird_parrot_4.png
182.656	200	572	3	172	119	stim119_inanimate_clothing_socks_3.png
182.856	200	573	3	173	101	stim101_inanimate_clothing_gloves_1.png
183.056	200	574	3	174	28	stim028_animate_bird_duck_4.png
183.256	200	575	3	175	5	stim005_animate_aquatic_fish_1.png
183.456	200	576	3	176	38	stim038_animate_bird_penguin_2.png
183.656	200	577	3	177	3	stim003_animate_aquatic_crab_3.png
183.856	200	578	3	178	112	stim112_inanimate_clothing_jeans_4.png
184.056	200	579	3	179	85	stim085_animate_mammal_giraffe_1.png
184.256	200	580	3	180	196	stim196_inanimate_tools_scissors_4.png
184.456	200	581	3	181	83	stim083_animate_mammal_cow_3.png
184.656	200	582	3	182	17	stim017_animate_aquatic_shrimp_1.png
184.856	200	583	3	183	132	stim132_inanimate_fruits_grape_4.png
185.056	200	584	3	184	93	stim093_animate_mammal_monkey_1.png
185.256	200	585	3	185	39	stim039_animate_bird_penguin_3.png
185.456	200	586	3	186	123	stim123_inanimate_fruits_apple_3.png
185.656	200	587	3	187	177	stim177_inanimate_plants_tulip_1.png
185.856	200	588	3	188	13	stim013_animate_aquatic_shark_1.png
186.056	200	589	3	189	87	stim087_animate_mammal_giraffe_3.png
186.256	200	590	3	190	82	stim082_animate_mammal_cow_2.png
186.456	200	591	3	191	98	stim098_animate_mammal_rhino_2.png
186.656	200	592	3	192	67	stim067_animate_insect_bug_3.png
186.856	200	593	3	193	173	stim173_inanimate_plants_tree_1.png
187.056	200	594	3	194	92	stim092_animate_mammal_kangaroo_4.png
187.256	200	595	3	195	130	stim130_inanimate_fruits_grape_2.png
187.456	200	596	3	196	131	stim131_inanimate_fruits_grape_3.png
187.656	200	597	3	197	66	stim066_animate_insect_bug_2.png
187.856	200	598	3	198	113	stim113_inanimate_clothing_shirt_1.png
188.056	200	599	3	199	1	stim001_animate_aquatic_crab_1.png
188.256	200	600	3	200	20	stim020_animate_aquatic_shrimp_4.png
212.828	200	601	4	1	142	stim142_inanimate_furniture_bed_2.png
213.028	200	602	4	2	51	stim051_animate_human_clown_3.png
213.228	200	603	4	3	85	stim085_animate_mammal_giraffe_1.png
213.43	200	604	4	4	83	stim083_animate_mammal_cow_3.png
213.63	200	605	4	5	17	stim017_animate_aquatic_shrimp_1.png
213.83	200	606	4	6	102	stim102_inanimate_clothing_gloves_2.png
214.03	200	607	4	7	23	stim023_animate_bird_chicken_3.png
214.23	200	608	4	8	50	stim050_animate_human_clown_2.png
214.432	200	609	4	9	47	stim047_animate_human_child_3.png
214.632	200	610	4	10	125	stim125_inanimate_fruits_banana_1.png
214.832	200	611	4	11	89	stim089_animate_mammal_kangaroo_1.png
215.032	200	612	4	12	57	stim057_animate_human_sports_1.png
215.232	200	613	4	13	170	stim170_inanimate_plants_sunflower_2.png
215.434	200	614	4	14	63	stim063_animate_insect_ant_3.png
215.634	200	615	4	15	41	stim041_animate_human_baby_1.png
215.834	200	616	4	16	135	stim135_inanimate_fruits_pineapple_3.png
216.034	200	617	4	17	65	stim065_animate_insect_bug_1.png
216.234	200	618	4	18	185	stim185_inanimate_tools_hammer_1.png
216.434	200	619	4	19	94	stim094_animate_mammal_monkey_2.png
216.636	200	620	4	20	191	stim191_inanimate_tools_pan_3.png
216.836	200	621	4	21	155	stim155_inanimate_furniture_sofa_3.png
217.036	200	622	4	22	9	stim009_animate_aquatic_seahorse_1.png
217.236	200	623	4	23	199	stim199_inanimate_tools_wrench_3.png
217.436	200	624	4	24	194	stim194_inanimate_tools_scissors_2.png
217.638	200	625	4	25	5	stim005_animate_aquatic_fish_1.png
217.838	200	626	4	26	188	stim188_inanimate_tools_hammer_4.png
218.038	200	627	4	27	182	stim182_inanimate_tools_broom_2.png
218.238	200	628	4	28	156	stim156_inanimate_furniture_sofa_4.png
218.438	200	629	4	29	48	stim048_animate_human_child_4.png
218.64	200	630	4	30	139	stim139_inanimate_fruits_strawberry_3.png
218.84	200	631	4	31	11	stim011_animate_aquatic_seahorse_3.png
219.04	200	632	4	32	31	stim031_animate_bird_parrot_3.png
219.24	200	633	4	33	37	stim037_animate_bird_penguin_1.png
219.44	200	634	4	34	30	stim030_animate_bird_parrot_2.png
219.64	200	635	4	35	16	stim016_animate_aquatic_shark_4.png
219.842	200	636	4	36	12	stim012_animate_aquatic_seahorse_4.png
220.042	200	637	4	37	183	stim183_inanimate_tools_broom_3.png
220.242	200	638	4	38	61	stim061_animate_insect_ant_1.png
220.442	200	639	4	39	80	stim080_animate_insect_grasshopper_4.png
220.642	200	640	4	40	76	stim076_animate_insect_dragonfly_4.png
220.844	200	641	4	41	42	stim042_animate_human_baby_2.png
221.044	200	642	4	42	1	stim001_animate_aquatic_crab_1.png
221.244	200	643	4	43	161	stim161_inanimate_plants_bush_1.png
221.444	200	644	4	44	165	stim165_inanimate_plants_cactus_1.png
221.644	200	645	4	45	154	stim154_inanimate_furniture_sofa_2.png
221.846	200	646	4	46	62	stim062_animate_insect_ant_2.png
222.046	200	647	4	47	147	stim147_inanimate_furniture_chair_3.png
222.246	200	648	4	48	71	stim071_animate_insect_butterfly_3.png
222.446	200	649	4	49	106	stim106_inanimate_clothing_hat_2.png
222.646	200	650	4	50	38	stim038_animate_bird_penguin_2.png
222.846	200	651	4	51	81	stim081_animate_mammal_cow_1.png
223.048	200	652	4	52	95	stim095_animate_mammal_monkey_3.png
223.248	200	653	4	53	144	stim144_inanimate_furniture_bed_4.png
223.448	200	654	4	54	45	stim045_animate_human_child_1.png
223.648	200	655	4	55	78	stim078_animate_insect_grasshopper_2.png
223.848	200	656	4	56	112	stim112_inanimate_clothing_jeans_4.png
224.05	200	657	4	57	19	stim019_animate_aquatic_shrimp_3.png
224.25	200	658	4	58	79	stim079_animate_insect_grasshopper_3.png
224.45	200	659	4	59	180	stim180_inanimate_plants_tulip_4.png
224.65	200	660	4	60	35	stim035_animate_bird_peacock_3.png
224.85	200	661	4	61	149	stim149_inanimate_furniture_closet_1.png
225.052	200	662	4	62	190	stim190_inanimate_tools_pan_2.png
225.252	200	663	4	63	127	stim127_inanimate_fruits_banana_3.png
225.452	200	664	4	64	187	stim187_inanimate_tools_hammer_3.png
225.652	200	665	4	65	141	stim141_inanimate_furniture_bed_1.png
225.852	200	666	4	66	104	stim104_inanimate_clothing_gloves_4.png
226.052	200	667	4	67	99	stim099_animate_mammal_rhino_3.png
226.254	200	668	4	68	109	stim109_inanimate_clothing_jeans_1.png
226.454	200	669	4	69	67	stim067_animate_insect_bug_3.png
226.654	200	670	4	70	97	stim097_animate_mammal_rhino_1.png
226.854	200	671	4	71	179	stim179_inanimate_plants_tulip_3.png
227.054	200	672	4	72	26	stim026_animate_bird_duck_2.png
227.256	200	673	4	73	14	stim014_animate_aquatic_shark_2.png
227.456	200	674	4	74	27	stim027_animate_bird_duck_3.png
227.656	200	675	4	75	74	stim074_animate_insect_dragonfly_2.png
227.856	200	676	4	76	146	stim146_inanimate_furniture_chair_2.png
228.056	200	677	4	77	130	stim130_inanimate_fruits_grape_2.png
228.258	200	678	4	78	197	stim197_inanimate_tools_wrench_1.png
228.458	200	679	4	79	113	stim113_inanimate_clothing_shirt_1.png
228.658	200	680	4	80	186	stim186_inanimate_tools_hammer_2.png
228.858	200	681	4	81	114	stim114_inanimate_clothing_shirt_2.png
229.058	200	682	4	82	43	stim043_animate_human_baby_3.png
229.258	200	683	4	83	167	stim167_inanimate_plants_cactus_3.png
229.46	200	684	4	84	174	stim174_inanimate_plants_tree_2.png
229.66	200	685	4	85	24	stim024_animate_bird_chicken_4.png
229.86	200	686	4	86	145	stim145_inanimate_furniture_chair_1.png
230.06	200	687	4	87	115	stim115_inanimate_clothing_shirt_3.png
230.26	200	688	4	88	153	stim153_inanimate_furniture_sofa_1.png
230.462	200	689	4	89	124	stim124_inanimate_fruits_apple_4.png
230.662	200	690	4	90	195	stim195_inanimate_tools_scissors_3.png
230.862	200	691	4	91	66	stim066_animate_insect_bug_2.png
231.062	200	692	4	92	69	stim069_animate_insect_butterfly_1.png
231.262	200	693	4	93	15	stim015_animate_aquatic_shark_3.png
231.464	200	694	4	94	4	stim004_animate_aquatic_crab_4.png
231.664	200	695	4	95	32	stim032_animate_bird_parrot_4.png
231.864	200	696	4	96	54	stim054_animate_human_faces_2.png
232.064	200	697	4	97	163	stim163_inanimate_plants_bush_3.png
232.264	200	698	4	98	87	stim087_animate_mammal_giraffe_3.png
232.464	200	699	4	99	189	stim189_inanimate_tools_pan_1.png
232.666	200	700	4	100	168	stim168_inanimate_plants_cactus_4.png
232.866	200	701	4	101	44	stim044_animate_human_baby_4.png
233.066	200	702	4	102	172	stim172_inanimate_plants_sunflower_4.png
233.266	200	703	4	103	117	stim117_inanimate_clothing_socks_1.png
233.466	200	704	4	104	175	stim175_inanimate_plants_tree_3.png
233.668	200	705	4	105	159	stim159_inanimate_furniture_table_3.png
233.868	200	706	4	106	131	stim131_inanimate_fruits_grape_3.png
234.068	200	707	4	107	132	stim132_inanimate_fruits_grape_4.png
234.268	200	708	4	108	39	stim039_animate_bird_penguin_3.png
234.468	200	709	4	109	160	stim160_inanimate_furniture_table_4.png
234.67	200	710	4	110	116	stim116_inanimate_clothing_shirt_4.png
234.87	200	711	4	111	107	stim107_inanimate_clothing_hat_3.png
235.07	200	712	4	112	86	stim086_animate_mammal_giraffe_2.png
235.27	200	713	4	113	162	stim162_inanimate_plants_bush_2.png
235.47	200	714	4	114	93	stim093_animate_mammal_monkey_1.png
235.67	200	715	4	115	90	stim090_animate_mammal_kangaroo_2.png
235.872	200	716	4	116	184	stim184_inanimate_tools_broom_4.png
236.072	200	717	4	117	70	stim070_animate_insect_butterfly_2.png
236.272	200	718	4	118	36	stim036_animate_bird_peacock_4.png
236.472	200	719	4	119	123	stim123_inanimate_fruits_apple_3.png
236.672	200	720	4	120	103	stim103_inanimate_clothing_gloves_3.png
236.874	200	721	4	121	25	stim025_animate_bird_duck_1.png
237.074	200	722	4	122	73	stim073_animate_insect_dragonfly_1.png
237.274	200	723	4	123	136	stim136_inanimate_fruits_pineapple_4.png
237.474	200	724	4	124	13	stim013_animate_aquatic_shark_1.png
237.674	200	725	4	125	33	stim033_animate_bird_peacock_1.png
237.876	200	726	4	126	108	stim108_inanimate_clothing_hat_4.png
238.076	200	727	4	127	134	stim134_inanimate_fruits_pineapple_2.png
238.276	200	728	4	128	118	stim118_inanimate_clothing_socks_2.png
238.476	200	729	4	129	137	stim137_inanimate_fruits_strawberry_1.png
238.676	200	730	4	130	173	stim173_inanimate_plants_tree_1.png
238.876	200	731	4	131	120	stim120_inanimate_clothing_socks_4.png
239.078	200	732	4	132	176	stim176_inanimate_plants_tree_4.png
239.278	200	733	4	133	119	stim119_inanimate_clothing_socks_3.png
239.478	200	734	4	134	52	stim052_animate_human_clown_4.png
239.678	200	735	4	135	111	stim111_inanimate_clothing_jeans_3.png
239.878	200	736	4	136	10	stim010_animate_aquatic_seahorse_2.png
240.08	200	737	4	137	49	stim049_animate_human_clown_1.png
240.28	200	738	4	138	96	stim096_animate_mammal_monkey_4.png
240.48	200	739	4	139	140	stim140_inanimate_fruits_strawberry_4.png
240.68	200	740	4	140	2	stim002_animate_aquatic_crab_2.png
240.88	200	741	4	141	129	stim129_inanimate_fruits_grape_1.png
241.082	200	742	4	142	169	stim169_inanimate_plants_sunflower_1.png
241.282	200	743	4	143	21	stim021_animate_bird_chicken_1.png
241.482	200	744	4	144	133	stim133_inanimate_fruits_pineapple_1.png
241.682	200	745	4	145	192	stim192_inanimate_tools_pan_4.png
241.882	200	746	4	146	22	stim022_animate_bird_chicken_2.png
242.084	200	747	4	147	100	stim100_animate_mammal_rhino_4.png
242.284	200	748	4	148	150	stim150_inanimate_furniture_closet_2.png
242.484	200	749	4	149	77	stim077_animate_insect_grasshopper_1.png
242.684	200	750	4	150	178	stim178_inanimate_plants_tulip_2.png
242.884	200	751	4	151	157	stim157_inanimate_furniture_table_1.png
243.084	200	752	4	152	105	stim105_inanimate_clothing_hat_1.png
243.286	200	753	4	153	177	stim177_inanimate_plants_tulip_1.png
243.486	200	754	4	154	92	stim092_animate_mammal_kangaroo_4.png
243.686	200	755	4	155	60	stim060_animate_human_sports_4.png
243.886	200	756	4	156	193	stim193_inanimate_tools_scissors_1.png
244.086	200	757	4	157	34	stim034_animate_bird_peacock_2.png
244.288	200	758	4	158	55	stim055_animate_human_faces_3.png
244.488	200	759	4	159	68	stim068_animate_insect_bug_4.png
244.688	200	760	4	160	121	stim121_inanimate_fruits_apple_1.png
244.888	200	761	4	161	6	stim006_animate_aquatic_fish_2.png
245.088	200	762	4	162	128	stim128_inanimate_fruits_banana_4.png
245.29	200	763	4	163	75	stim075_animate_insect_dragonfly_3.png
245.49	200	764	4	164	64	stim064_animate_insect_ant_4.png
245.69	200	765	4	165	58	stim058_animate_human_sports_2.png
245.89	200	766	4	166	46	stim046_animate_human_child_2.png
246.09	200	767	4	167	84	stim084_animate_mammal_cow_4.png
246.29	200	768	4	168	164	stim164_inanimate_plants_bush_4.png
246.492	200	769	4	169	200	stim200_inanimate_tools_wrench_4.png
246.692	200	770	4	170	126	stim126_inanimate_fruits_banana_2.png
246.892	200	771	4	171	151	stim151_inanimate_furniture_closet_3.png
247.092	200	772	4	172	7	stim007_animate_aquatic_fish_3.png
247.292	200	773	4	173	122	stim122_inanimate_fruits_apple_2.png
247.494	200	774	4	174	196	stim196_inanimate_tools_scissors_4.png
247.694	200	775	4	175	98	stim098_animate_mammal_rhino_2.png
247.894	200	776	4	176	152	stim152_inanimate_furniture_closet_4.png
248.094	200	777	4	177	72	stim072_animate_insect_butterfly_4.png
248.294	200	778	4	178	198	stim198_inanimate_tools_wrench_2.png
248.496	200	779	4	179	110	stim110_inanimate_clothing_jeans_2.png
248.696	200	780	4	180	181	stim181_inanimate_tools_broom_1.png
248.896	200	781	4	181	82	stim082_animate_mammal_cow_2.png
249.096	200	782	4	182	28	stim028_animate_bird_duck_4.png
249.296	200	783	4	183	91	stim091_animate_mammal_kangaroo_3.png
249.496	200	784	4	184	3	stim003_animate_aquatic_crab_3.png
249.698	200	785	4	185	18	stim018_animate_aquatic_shrimp_2.png
249.898	200	786	4	186	148	stim148_inanimate_furniture_chair_4.png
250.098	200	787	4	187	101	stim101_inanimate_clothing_gloves_1.png
250.298	200	788	4	188	20	stim020_animate_aquatic_shrimp_4.png
250.498	200	789	4	189	88	stim088_animate_mammal_giraffe_4.png
250.7	200	790	4	190	171	stim171_inanimate_plants_sunflower_3.png
250.9	200	791	4	191	158	stim158_inanimate_furniture_table_2.png
251.1	200	792	4	192	53	stim053_animate_human_faces_1.png
251.3	200	793	4	193	8	stim008_animate_aquatic_fish_4.png
251.5	200	794	4	194	138	stim138_inanimate_fruits_strawberry_2.png
251.702	200	795	4	195	29	stim029_animate_bird_parrot_1.png
251.902	200	796	4	196	40	stim040_animate_bird_penguin_4.png
252.102	200	797	4	197	56	stim056_animate_human_faces_4.png
252.302	200	798	4	198	143	stim143_inanimate_furniture_bed_3.png
252.502	200	799	4	199	59	stim059_animate_human_sports_3.png
252.702	200	800	4	200	166	stim166_inanimate_plants_cactus_2.png
273.056	200	801	5	1	89	stim089_animate_mammal_kangaroo_1.png
273.256	200	802	5	2	138	stim138_inanimate_fruits_strawberry_2.png
273.456	200	803	5	3	199	stim199_inanimate_tools_wrench_3.png
273.656	200	804	5	4	139	stim139_inanimate_fruits_strawberry_3.png
273.856	200	805	5	5	111	stim111_inanimate_clothing_jeans_3.png
274.056	200	806	5	6	36	stim036_animate_bird_peacock_4.png
274.256	200	807	5	7	182	stim182_inanimate_tools_broom_2.png
274.456	200	808	5	8	151	stim151_inanimate_furniture_closet_3.png
274.656	200	809	5	9	137	stim137_inanimate_fruits_strawberry_1.png
274.856	200	810	5	10	134	stim134_inanimate_fruits_pineapple_2.png
275.056	200	811	5	11	34	stim034_animate_bird_peacock_2.png
275.256	200	812	5	12	109	stim109_inanimate_clothing_jeans_1.png
275.456	200	813	5	13	164	stim164_inanimate_plants_bush_4.png
275.656	200	814	5	14	39	stim039_animate_bird_penguin_3.png
275.856	200	815	5	15	154	stim154_inanimate_furniture_sofa_2.png
276.056	200	816	5	16	131	stim131_inanimate_fruits_grape_3.png
276.256	200	817	5	17	128	stim128_inanimate_fruits_banana_4.png
276.456	200	818	5	18	141	stim141_inanimate_furniture_bed_1.png
276.656	200	819	5	19	196	stim196_inanimate_tools_scissors_4.png
276.856	200	820	5	20	83	stim083_animate_mammal_cow_3.png
277.056	200	821	5	21	193	stim193_inanimate_tools_scissors_1.png
277.256	200	822	5	22	125	stim125_inanimate_fruits_banana_1.png
277.456	200	823	5	23	33	stim033_animate_bird_peacock_1.png
277.656	200	824	5	24	68	stim068_animate_insect_bug_4.png
277.856	200	825	5	25	47	stim047_animate_human_child_3.png
278.056	200	826	5	26	106	stim106_inanimate_clothing_hat_2.png
278.256	200	827	5	27	3	stim003_animate_aquatic_crab_3.png
278.456	200	828	5	28	104	stim104_inanimate_clothing_gloves_4.png
278.656	200	829	5	29	7	stim007_animate_aquatic_fish_3.png
278.856	200	830	5	30	185	stim185_inanimate_tools_hammer_1.png
279.056	200	831	5	31	70	stim070_animate_insect_butterfly_2.png
279.256	200	832	5	32	157	stim157_inanimate_furniture_table_1.png
279.456	200	833	5	33	105	stim105_inanimate_clothing_hat_1.png
279.656	200	834	5	34	35	stim035_animate_bird_peacock_3.png
279.856	200	835	5	35	167	stim167_inanimate_plants_cactus_3.png
280.056	200	836	5	36	74	stim074_animate_insect_dragonfly_2.png
280.256	200	837	5	37	198	stim198_inanimate_tools_wrench_2.png
280.456	200	838	5	38	126	stim126_inanimate_fruits_banana_2.png
280.656	200	839	5	39	69	stim069_animate_insect_butterfly_1.png
280.856	200	840	5	40	114	stim114_inanimate_clothing_shirt_2.png
281.056	200	841	5	41	45	stim045_animate_human_child_1.png
281.256	200	842	5	42	9	stim009_animate_aquatic_seahorse_1.png
281.456	200	843	5	43	19	stim019_animate_aquatic_shrimp_3.png
281.656	200	844	5	44	197	stim197_inanimate_tools_wrench_1.png
281.856	200	845	5	45	44	stim044_animate_human_baby_4.png
282.056	200	846	5	46	161	stim161_inanimate_plants_bush_1.png
282.256	200	847	5	47	2	stim002_animate_aquatic_crab_2.png
282.456	200	848	5	48	168	stim168_inanimate_plants_cactus_4.png
282.656	200	849	5	49	152	stim152_inanimate_furniture_closet_4.png
282.856	200	850	5	50	49	stim049_animate_human_clown_1.png
283.056	200	851	5	51	42	stim042_animate_human_baby_2.png
283.256	200	852	5	52	190	stim190_inanimate_tools_pan_2.png
283.456	200	853	5	53	40	stim040_animate_bird_penguin_4.png
283.656	200	854	5	54	94	stim094_animate_mammal_monkey_2.png
283.856	200	855	5	55	87	stim087_animate_mammal_giraffe_3.png
284.056	200	856	5	56	28	stim028_animate_bird_duck_4.png
284.256	200	857	5	57	75	stim075_animate_insect_dragonfly_3.png
284.456	200	858	5	58	57	stim057_animate_human_sports_1.png
284.656	200	859	5	59	54	stim054_animate_human_faces_2.png
284.856	200	860	5	60	162	stim162_inanimate_plants_bush_2.png
285.056	200	861	5	61	113	stim113_inanimate_clothing_shirt_1.png
285.256	200	862	5	62	176	stim176_inanimate_plants_tree_4.png
285.456	200	863	5	63	72	stim072_animate_insect_butterfly_4.png
285.656	200	864	5	64	78	stim078_animate_insect_grasshopper_2.png
285.856	200	865	5	65	100	stim100_animate_mammal_rhino_4.png
286.056	200	866	5	66	67	stim067_animate_insect_bug_3.png
286.256	200	867	5	67	181	stim181_inanimate_tools_broom_1.png
286.456	200	868	5	68	4	stim004_animate_aquatic_crab_4.png
286.656	200	869	5	69	156	stim156_inanimate_furniture_sofa_4.png
286.856	200	870	5	70	18	stim018_animate_aquatic_shrimp_2.png
287.056	200	871	5	71	98	stim098_animate_mammal_rhino_2.png
287.256	200	872	5	72	188	stim188_inanimate_tools_hammer_4.png
287.456	200	873	5	73	71	stim071_animate_insect_butterfly_3.png
287.656	200	874	5	74	99	stim099_animate_mammal_rhino_3.png
287.856	200	875	5	75	189	stim189_inanimate_tools_pan_1.png
288.056	200	876	5	76	118	stim118_inanimate_clothing_socks_2.png
288.256	200	877	5	77	122	stim122_inanimate_fruits_apple_2.png
288.456	200	878	5	78	56	stim056_animate_human_faces_4.png
288.656	200	879	5	79	91	stim091_animate_mammal_kangaroo_3.png
288.856	200	880	5	80	175	stim175_inanimate_plants_tree_3.png
289.056	200	881	5	81	132	stim132_inanimate_fruits_grape_4.png
289.256	200	882	5	82	61	stim061_animate_insect_ant_1.png
289.456	200	883	5	83	48	stim048_animate_human_child_4.png
289.656	200	884	5	84	52	stim052_animate_human_clown_4.png
289.856	200	885	5	85	38	stim038_animate_bird_penguin_2.png
290.056	200	886	5	86	180	stim180_inanimate_plants_tulip_4.png
290.256	200	887	5	87	55	stim055_animate_human_faces_3.png
290.456	200	888	5	88	187	stim187_inanimate_tools_hammer_3.png
290.656	200	889	5	89	20	stim020_animate_aquatic_shrimp_4.png
290.856	200	890	5	90	27	stim027_animate_bird_duck_3.png
291.056	200	891	5	91	60	stim060_animate_human_sports_4.png
291.256	200	892	5	92	160	stim160_inanimate_furniture_table_4.png
291.456	200	893	5	93	29	stim029_animate_bird_parrot_1.png
291.656	200	894	5	94	108	stim108_inanimate_clothing_hat_4.png
291.856	200	895	5	95	146	stim146_inanimate_furniture_chair_2.png
292.056	200	896	5	96	194	stim194_inanimate_tools_scissors_2.png
292.256	200	897	5	97	169	stim169_inanimate_plants_sunflower_1.png
292.456	200	898	5	98	77	stim077_animate_insect_grasshopper_1.png
292.656	200	899	5	99	30	stim030_animate_bird_parrot_2.png
292.856	200	900	5	100	8	stim008_animate_aquatic_fish_4.png
293.056	200	901	5	101	170	stim170_inanimate_plants_sunflower_2.png
293.256	200	902	5	102	24	stim024_animate_bird_chicken_4.png
293.456	200	903	5	103	177	stim177_inanimate_plants_tulip_1.png
293.656	200	904	5	104	148	stim148_inanimate_furniture_chair_4.png
293.856	200	905	5	105	101	stim101_inanimate_clothing_gloves_1.png
294.056	200	906	5	106	23	stim023_animate_bird_chicken_3.png
294.256	200	907	5	107	62	stim062_animate_insect_ant_2.png
294.456	200	908	5	108	53	stim053_animate_human_faces_1.png
294.656	200	909	5	109	150	stim150_inanimate_furniture_closet_2.png
294.856	200	910	5	110	133	stim133_inanimate_fruits_pineapple_1.png
295.056	200	911	5	111	88	stim088_animate_mammal_giraffe_4.png
295.256	200	912	5	112	110	stim110_inanimate_clothing_jeans_2.png
295.456	200	913	5	113	84	stim084_animate_mammal_cow_4.png
295.656	200	914	5	114	183	stim183_inanimate_tools_broom_3.png
295.856	200	915	5	115	73	stim073_animate_insect_dragonfly_1.png
296.056	200	916	5	116	123	stim123_inanimate_fruits_apple_3.png
296.256	200	917	5	117	10	stim010_animate_aquatic_seahorse_2.png
296.456	200	918	5	118	195	stim195_inanimate_tools_scissors_3.png
296.656	200	919	5	119	158	stim158_inanimate_furniture_table_2.png
296.856	200	920	5	120	46	stim046_animate_human_child_2.png
297.056	200	921	5	121	82	stim082_animate_mammal_cow_2.png
297.256	200	922	5	122	97	stim097_animate_mammal_rhino_1.png
297.456	200	923	5	123	145	stim145_inanimate_furniture_chair_1.png
297.656	200	924	5	124	32	stim032_animate_bird_parrot_4.png
297.856	200	925	5	125	13	stim013_animate_aquatic_shark_1.png
298.056	200	926	5	126	65	stim065_animate_insect_bug_1.png
298.256	200	927	5	127	59	stim059_animate_human_sports_3.png
298.456	200	928	5	128	25	stim025_animate_bird_duck_1.png
298.656	200	929	5	129	102	stim102_inanimate_clothing_gloves_2.png
298.856	200	930	5	130	43	stim043_animate_human_baby_3.png
299.056	200	931	5	131	200	stim200_inanimate_tools_wrench_4.png
299.256	200	932	5	132	120	stim120_inanimate_clothing_socks_4.png
299.456	200	933	5	133	112	stim112_inanimate_clothing_jeans_4.png
299.656	200	934	5	134	86	stim086_animate_mammal_giraffe_2.png
299.856	200	935	5	135	119	stim119_inanimate_clothing_socks_3.png
300.056	200	936	5	136	184	stim184_inanimate_tools_broom_4.png
300.256	200	937	5	137	92	stim092_animate_mammal_kangaroo_4.png
300.456	200	938	5	138	81	stim081_animate_mammal_cow_1.png
300.656	200	939	5	139	144	stim144_inanimate_furniture_bed_4.png
300.856	200	940	5	140	192	stim192_inanimate_tools_pan_4.png
301.056	200	941	5	141	31	stim031_animate_bird_parrot_3.png
301.256	200	942	5	142	179	stim179_inanimate_plants_tulip_3.png
301.456	200	943	5	143	127	stim127_inanimate_fruits_banana_3.png
301.656	200	944	5	144	159	stim159_inanimate_furniture_table_3.png
301.856	200	945	5	145	165	stim165_inanimate_plants_cactus_1.png
302.056	200	946	5	146	37	stim037_animate_bird_penguin_1.png
302.256	200	947	5	147	140	stim140_inanimate_fruits_strawberry_4.png
302.456	200	948	5	148	64	stim064_animate_insect_ant_4.png
302.656	200	949	5	149	96	stim096_animate_mammal_monkey_4.png
302.856	200	950	5	150	178	stim178_inanimate_plants_tulip_2.png
303.056	200	951	5	151	58	stim058_animate_human_sports_2.png
303.256	200	952	5	152	142	stim142_inanimate_furniture_bed_2.png
303.456	200	953	5	153	93	stim093_animate_mammal_monkey_1.png
303.656	200	954	5	154	163	stim163_inanimate_plants_bush_3.png
303.856	200	955	5	155	80	stim080_animate_insect_grasshopper_4.png
304.056	200	956	5	156	124	stim124_inanimate_fruits_apple_4.png
304.256	200	957	5	157	115	stim115_inanimate_clothing_shirt_3.png
304.456	200	958	5	158	17	stim017_animate_aquatic_shrimp_1.png
304.656	200	959	5	159	76	stim076_animate_insect_dragonfly_4.png
304.856	200	960	5	160	171	stim171_inanimate_plants_sunflower_3.png
305.056	200	961	5	161	14	stim014_animate_aquatic_shark_2.png
305.256	200	962	5	162	143	stim143_inanimate_furniture_bed_3.png
305.456	200	963	5	163	129	stim129_inanimate_fruits_grape_1.png
305.656	200	964	5	164	135	stim135_inanimate_fruits_pineapple_3.png
305.856	200	965	5	165	117	stim117_inanimate_clothing_socks_1.png
306.056	200	966	5	166	5	stim005_animate_aquatic_fish_1.png
306.256	200	967	5	167	79	stim079_animate_insect_grasshopper_3.png
306.456	200	968	5	168	85	stim085_animate_mammal_giraffe_1.png
306.656	200	969	5	169	16	stim016_animate_aquatic_shark_4.png
306.856	200	970	5	170	1	stim001_animate_aquatic_crab_1.png
307.056	200	971	5	171	26	stim026_animate_bird_duck_2.png
307.256	200	972	5	172	166	stim166_inanimate_plants_cactus_2.png
307.456	200	973	5	173	174	stim174_inanimate_plants_tree_2.png
307.656	200	974	5	174	191	stim191_inanimate_tools_pan_3.png
307.856	200	975	5	175	147	stim147_inanimate_furniture_chair_3.png
308.056	200	976	5	176	51	stim051_animate_human_clown_3.png
308.256	200	977	5	177	173	stim173_inanimate_plants_tree_1.png
308.456	200	978	5	178	12	stim012_animate_aquatic_seahorse_4.png
308.656	200	979	5	179	21	stim021_animate_bird_chicken_1.png
308.856	200	980	5	180	41	stim041_animate_human_baby_1.png
309.056	200	981	5	181	130	stim130_inanimate_fruits_grape_2.png
309.256	200	982	5	182	107	stim107_inanimate_clothing_hat_3.png
309.456	200	983	5	183	116	stim116_inanimate_clothing_shirt_4.png
309.656	200	984	5	184	66	stim066_animate_insect_bug_2.png
309.856	200	985	5	185	15	stim015_animate_aquatic_shark_3.png
310.056	200	986	5	186	121	stim121_inanimate_fruits_apple_1.png
310.256	200	987	5	187	50	stim050_animate_human_clown_2.png
310.456	200	988	5	188	172	stim172_inanimate_plants_sunflower_4.png
310.656	200	989	5	189	136	stim136_inanimate_fruits_pineapple_4.png
310.856	200	990	5	190	186	stim186_inanimate_tools_hammer_2.png
311.056	200	991	5	191	6	stim006_animate_aquatic_fish_2.png
311.256	200	992	5	192	90	stim090_animate_mammal_kangaroo_2.png
311.456	200	993	5	193	155	stim155_inanimate_furniture_sofa_3.png
311.656	200	994	5	194	149	stim149_inanimate_furniture_closet_1.png
311.856	200	995	5	195	63	stim063_animate_insect_ant_3.png
312.056	200	996	5	196	103	stim103_inanimate_clothing_gloves_3.png
312.256	200	997	5	197	22	stim022_animate_bird_chicken_2.png
312.456	200	998	5	198	153	stim153_inanimate_furniture_sofa_1.png
312.656	200	999	5	199	95	stim095_animate_mammal_monkey_3.png
312.856	200	1000	5	200	11	stim011_animate_aquatic_seahorse_3.png
